{
  "users": [
    {
      "fname": "honda",
      "lname": "activa125",
      "country": "Singapore",
      "gender": "Female",
      "age": 20,
      "id": 7
    },
    {
      "fname": "Tata",
      "lname": "Hexa",
      "country": "Germany",
      "gender": "Male",
      "age": 5,
      "id": 8
    },
    {
      "fname": "tata",
      "lname": "nexon",
      "country": "Australia",
      "gender": "Male",
      "age": 0,
      "id": 9
    },
    {
      "fname": "tata",
      "lname": "altruiz",
      "country": "Singapore",
      "gender": "Female",
      "age": 2,
      "id": 10
    },
    {
      "fname": "krithikha",
      "lname": "papa",
      "country": "Singapore",
      "gender": "Female",
      "age": 100,
      "id": 11
    },
    {
      "fname": "last",
      "lname": "time",
      "country": "Singapore",
      "gender": "Male",
      "age": 111,
      "id": 12
    },
    {
      "fname": "lastttttt",
      "lname": "time",
      "country": "Singapore",
      "gender": "Male",
      "age": 111,
      "id": 13
    }
  ]
}